video_id,frame_idx,commit_time_sec,gloss,confidence,entropy,threshold
sample_0,46,0.08563685417175293,ALPEN,0.8191622793674469,0.6389380693435669,0.45
sample_0,124,0.08563685417175293,KOENNEN,0.737068235874176,0.35375791788101196,0.45
sample_0,156,0.4543020725250244,STERN,0.9402564167976379,0.11207900941371918,0.45
sample_0,159,0.4543020725250244,KOENNEN,0.8754444718360901,0.16992977261543274,0.45
sample_1,55,0.06868100166320801,REGION,0.8037130832672119,0.0009586286032572389,0.45
sample_1,149,0.06868100166320801,WETTER,0.6149856150150299,1.2919650077819824,0.45
sample_2,26,0.09547829627990723,WEHEN,0.5551505386829376,1.014620304107666,0.45
sample_2,75,0.09547829627990723,DANN,0.6236529648303986,1.1944657564163208,0.45
sample_3,102,0.05289578437805176,GRAD,0.7351391017436981,0.6495493054389954,0.45
sample_4,23,0.04680061340332031,MORGEN,0.9138917326927185,0.2602576017379761,0.45
sample_4,49,0.04780101776123047,DRUCK,0.9858925640583038,0.006533191539347172,0.45
sample_4,79,0.4561042785644531,KOMMEN,0.964290589094162,0.061131205409765244,0.45
sample_4,110,0.4561042785644531,VERSCHWINDEN,0.8902956545352936,0.6417951583862305,0.45
sample_5,62,0.053575992584228516,WOLKE,0.828024297952652,0.1831032931804657,0.45
sample_5,69,0.053575992584228516,SONNE,0.7534296214580536,0.0025182156823575497,0.45
sample_5,84,0.37081098556518555,WOLKE,0.7451544404029846,0.6532540917396545,0.45
sample_7,44,0.1028738021850586,BLEIBEN,0.7129438519477844,0.6680082678794861,0.45
sample_10,54,0.04368233680725098,DEUTSCH,0.5598013699054718,0.7851858139038086,0.45
sample_12,22,0.04727649688720703,REGION,0.5974268913269043,0.8154600262641907,0.45
sample_13,117,0.0533900260925293,KOMMEN,0.7554489970207214,0.011720802634954453,0.45
sample_15,35,0.06423234939575195,NACHT,0.7165466248989105,0.6494958400726318,0.45
sample_15,86,0.06423234939575195,REGEN,0.7735221087932587,0.011975599452853203,0.45
sample_17,2,0.04522895812988281,WETTER,0.9384886622428894,0.0007406841032207012,0.45
sample_17,5,0.04522895812988281,VORAUS,0.7830456495285034,0.6636663675308228,0.45
sample_17,61,0.32768702507019043,FREITAG,0.8749373555183411,0.16046538949012756,0.45
sample_17,105,0.32768702507019043,AUGUST,0.672748476266861,0.42679256200790405,0.45
sample_18,35,0.047469139099121094,MEHR,0.6869707703590393,0.9683548808097839,0.45
sample_19,21,0.04799318313598633,SUED,0.7395247220993042,0.13105885684490204,0.45
sample_19,61,0.04799318313598633,BISSCHEN,0.7230701446533203,0.2504960298538208,0.45
sample_21,31,0.022539377212524414,SONNE,0.8852559924125671,0.07307860255241394,0.45
sample_22,59,0.08902525901794434,NORD,0.9348917007446289,0.28850722312927246,0.45
sample_23,26,0.06045699119567871,SUEDOST,0.8969682455062866,0.2502414584159851,0.45
sample_23,86,0.06045699119567871,WEST,0.6638310551643372,0.7235831022262573,0.45
sample_25,91,0.061600446701049805,TEILWEISE,0.6149752736091614,0.6203863024711609,0.45
sample_25,135,0.061600446701049805,KOENNEN,0.7114284783601761,0.25373196601867676,0.45
sample_26,25,0.0328824520111084,MEER,0.7886604070663452,0.9606086611747742,0.45
sample_26,49,0.03392791748046875,NORD,0.6513039320707321,0.5055120587348938,0.45
sample_27,63,0.03604698181152344,MEHR,0.9558320939540863,0.06588327139616013,0.45
sample_28,20,0.059160709381103516,MEISTENS,0.5600388050079346,0.8570055961608887,0.45
sample_28,104,0.059160709381103516,MOEGLICH,0.5896512418985367,0.6719763278961182,0.45
sample_28,138,0.35358619689941406,GEWITTER,0.7692375481128693,0.009533444419503212,0.45
sample_29,25,0.048299551010131836,NORD,0.8724163174629211,0.3239205479621887,0.45
sample_29,69,0.048299551010131836,REGEN,0.6292984783649445,0.7064328193664551,0.45
sample_29,84,0.3277406692504883,NORDWEST,0.678222119808197,0.8433257341384888,0.45
sample_31,117,0.09125232696533203,REGION,0.943134605884552,0.2091752290725708,0.45
sample_31,177,0.09125232696533203,BIS,0.8137989044189453,0.10138227045536041,0.45
sample_31,203,0.41423535346984863,GRAD,0.7573007941246033,0.002976395655423403,0.45
sample_32,8,0.06740021705627441,SAMSTAG,0.7926036715507507,0.14292854070663452,0.45
sample_32,44,0.06740021705627441,SCHNEE,0.915000855922699,0.33275941014289856,0.45
sample_32,66,0.41449451446533203,REGEN,0.5308780670166016,1.3933148384094238,0.45
sample_32,75,0.41449451446533203,IM-VERLAUF,0.6046678423881531,0.6441644430160522,0.45
sample_32,82,0.7695987224578857,WEST,0.9140463173389435,0.2105388045310974,0.45
sample_32,113,0.7695987224578857,MEHR,0.924313485622406,0.18003584444522858,0.45
sample_32,144,1.0907893180847168,FREUNDLICH,0.7499969601631165,0.0046981582418084145,0.45
sample_33,32,0.044473886489868164,REGION,0.832173764705658,0.019963739439845085,0.45
sample_33,68,0.044473886489868164,NORD,0.5602835118770599,0.95984947681427,0.45
sample_34,22,0.023998022079467773,BISSCHEN,0.5397076308727264,1.3203418254852295,0.45
sample_34,26,0.023998022079467773,ABEND,0.6160202920436859,0.6854714751243591,0.45
sample_35,73,0.053101301193237305,ZWOELF,0.5876123309135437,0.905672550201416,0.45
sample_35,103,0.053101301193237305,REGION,0.6299664378166199,0.7612841725349426,0.45
sample_36,2,0.05070233345031738,WETTER,0.7408991456031799,0.07118561863899231,0.45
sample_37,1,0.04783344268798828,NACHT,0.7428478598594666,0.09697422385215759,0.45
sample_40,1,0.01426553726196289,IN-KOMMEND,0.7498025894165039,0.8110347986221313,0.45
sample_41,67,0.03616595268249512,REGEN,0.8801807463169098,0.015332534909248352,0.45
sample_43,37,0.1539318561553955,SONNE,0.7641139030456543,0.0010299698915332556,0.45
sample_44,43,0.08041143417358398,UND,0.5249805748462677,1.352696180343628,0.45
sample_44,49,0.08193826675415039,WEST,0.7421009093523026,0.0714697614312172,0.45
sample_45,34,0.04661703109741211,NORD,0.6741462349891663,0.8185791969299316,0.45
sample_45,90,0.04661703109741211,NEBEL,0.7656621336936951,0.2195635735988617,0.45
sample_49,43,0.03312182426452637,BIS,0.8455544412136078,0.2224906086921692,0.45
sample_50,60,0.04910922050476074,ZWANZIG,0.6045658886432648,0.6169446110725403,0.45
sample_51,32,0.06842207908630371,SONNE,0.7449222803115845,0.1596871316432953,0.45
sample_51,44,0.06842207908630371,WOLKE,0.6354769468307495,0.6354445815086365,0.45
sample_51,126,0.3884429931640625,GEWITTER,0.8717721104621887,0.3534768521785736,0.45
sample_52,88,0.04167628288269043,WARM,0.9061601161956787,0.044665172696113586,0.45
sample_53,54,0.06874680519104004,FREUNDLICH,0.8408877551555634,0.04659024626016617,0.45
sample_53,100,0.06874680519104004,BISSCHEN,0.6445682644844055,0.5995607376098633,0.45
sample_53,111,0.41385483741760254,SONNE,0.7618445754051208,0.04550467059016228,0.45
sample_53,145,0.41385483741760254,REGION,0.8449996411800385,0.11377061158418655,0.45
sample_54,39,0.02933502197265625,STARK,0.7719233930110931,0.05155585706233978,0.45
sample_55,34,0.07869625091552734,NORD,0.7582840919494629,0.7686136960983276,0.45
sample_55,112,0.07869625091552734,WEST,0.7786021828651428,0.09113121032714844,0.45
sample_55,148,0.4384157657623291,GEWITTER,0.5452670156955719,0.8658093214035034,0.45
sample_58,30,0.03417611122131348,NORD,0.7186393439769745,0.8791819214820862,0.45
sample_59,31,0.04827404022216797,OST,0.603344202041626,0.7383593916893005,0.45
sample_59,89,0.049791812896728516,KOENNEN,0.595243364572525,0.6981734037399292,0.45
sample_61,10,0.0433349609375,LUFT,0.6329164803028107,0.770317792892456,0.45
sample_61,45,0.0433349609375,REGEN,0.8060161769390106,0.8395648002624512,0.45
sample_61,50,0.34336185455322266,UND,0.5487458109855652,1.2841240167617798,0.45
sample_61,52,0.3443613052368164,MORGEN,0.6885475516319275,0.7183966636657715,0.45
sample_61,89,0.7060379981994629,TIEF,0.7601667940616608,0.7592211961746216,0.45
sample_62,15,0.03600740432739258,KOMMEN,0.7281860709190369,0.32259491086006165,0.45
sample_64,9,0.04386734962463379,MORGEN,0.9018559753894806,0.22344672679901123,0.45
sample_64,58,0.04386734962463379,AUCH,0.7772173285484314,0.14601144194602966,0.45
sample_65,1,0.061176300048828125,NACHT,0.7518397569656372,0.0016598996007815003,0.45
sample_65,36,0.06217670440673828,LOCKER,0.7271322906017303,0.4871238172054291,0.45
sample_65,69,0.4521524906158447,KLAR,0.9594653844833374,0.20230239629745483,0.45
sample_66,61,0.04678988456726074,GEWITTER,0.5249192714691162,0.9799586534500122,0.45
sample_67,35,0.04073691368103027,FREUNDLICH,0.7322144210338593,0.4578663408756256,0.45
sample_68,40,0.04003119468688965,KOMMEN,0.7328057587146759,0.277493953704834,0.45
sample_71,2,0.048197269439697266,WETTER,0.9390464425086975,0.24361979961395264,0.45
sample_72,21,0.0614621639251709,TIEF,0.7444191575050354,0.30274295806884766,0.45
sample_72,50,0.06273388862609863,KOMMEN,0.6841021776199341,0.7297986745834351,0.45
sample_72,66,0.3660621643066406,KALT,0.5609774887561798,0.9842703342437744,0.45
sample_72,78,0.3660621643066406,KOMMEN,0.716616153717041,0.269943505525589,0.45
sample_73,50,0.07391643524169922,WECHSELHAFT,0.9260659515857697,0.4059041142463684,0.45
sample_73,71,0.07391643524169922,REGEN,0.7564702332019806,0.7115622162818909,0.45
sample_73,84,0.4127540588378906,KOENNEN,0.8510652780532837,0.5450315475463867,0.45
sample_73,111,0.4127540588378906,SONNE,0.7498922049999237,0.018763072788715363,0.45
sample_74,57,0.04447150230407715,VERSCHWINDEN,0.7228961288928986,0.7920085191726685,0.45
sample_74,98,0.04447150230407715,SONNE,0.9006894528865814,0.00505734421312809,0.45
sample_75,47,0.03604698181152344,MEHR,0.9852541089057922,0.026586690917611122,0.45
sample_76,34,0.07601428031921387,GRAD,0.7531186938285828,0.040925972163677216,0.45
sample_76,109,0.07601428031921387,HEUTE,0.5772554874420166,0.8776975870132446,0.45
sample_79,10,0.07059192657470703,SCHWACH,0.8786307275295258,0.501915693283081,0.45
sample_79,130,0.07167172431945801,SCHWER,0.4752986580133438,1.1242862939834595,0.45
sample_80,73,0.04040336608886719,KOMMEN,0.7262604236602783,0.20271414518356323,0.45
sample_81,10,0.08373832702636719,SCHWACH,0.5278243124485016,0.7216943502426147,0.45
sample_81,25,0.08373832702636719,WEHEN,0.6341120600700378,0.6214796304702759,0.45
sample_81,43,0.5270848274230957,MAESSIG,0.7052775919437408,0.7622876763343811,0.45
sample_81,83,0.5270848274230957,NORD,0.6800702512264252,0.600642740726471,0.45
sample_83,56,0.05920100212097168,SONNE,0.8228617310523987,0.0017703664489090443,0.45
sample_83,76,0.05920100212097168,WOLKE,0.884283721446991,0.07705207914113998,0.45
sample_83,151,0.40311622619628906,GEWITTER,0.9241621196269989,0.06077653914690018,0.45
sample_84,37,0.03594326972961426,MAESSIG,0.6059332191944122,1.3480489253997803,0.45
sample_88,12,0.03858447074890137,SONNTAG,0.9389346837997437,0.32284027338027954,0.45
sample_89,47,0.060620784759521484,REGION,0.8853732347488403,0.027200233191251755,0.45
sample_89,71,0.060620784759521484,TROCKEN,0.45823028683662415,1.4115030765533447,0.45
sample_90,2,0.037817955017089844,WETTER,0.9983511567115784,0.00217896094545722,0.45
sample_90,5,0.037817955017089844,VORAUS,0.784588634967804,0.5387503504753113,0.45
sample_90,51,0.2605462074279785,DIENSTAG,0.9704168438911438,0.1886678785085678,0.45
sample_90,99,0.2605462074279785,JUNI,0.6219754815101624,0.9253191351890564,0.45
sample_91,48,0.05023360252380371,GRAD,0.6349825263023376,0.968443751335144,0.45
sample_91,67,0.05023360252380371,MINUS,0.5183006525039673,1.2521576881408691,0.45
sample_91,96,0.3979971408843994,GRAD,0.9329768717288971,0.0372207872569561,0.45
sample_93,74,0.06577110290527344,WEST,0.7916114926338196,0.604951798915863,0.45
sample_94,37,0.028630495071411133,KUEHL,0.5909431874752045,0.7926225066184998,0.45
sample_95,1,0.042028188705444336,WETTER,0.7511880099773407,0.0006719661178067327,0.45
sample_95,40,0.042028188705444336,DIENSTAG,0.5788262486457825,0.8112515211105347,0.45
sample_95,81,0.3254663944244385,APRIL,0.7682475745677948,0.009264796040952206,0.45
sample_96,76,0.07365870475769043,AUCH,0.8163764476776123,0.3834361135959625,0.45
sample_96,94,0.07365870475769043,GEWITTER,0.796532154083252,0.5871385931968689,0.45
sample_97,1,0.046869754791259766,NACHT,0.724633127450943,0.21075870096683502,0.45
sample_98,46,0.042587995529174805,WOLKE,0.5355418026447296,0.6966769695281982,0.45
sample_98,54,0.042587995529174805,MAL,0.681847408413887,1.0884839296340942,0.45
sample_99,9,0.04012775421142578,DEUTSCH,0.5579426884651184,0.7138599753379822,0.45
sample_99,52,0.04012775421142578,VERSCHWINDEN,0.7969620823860168,0.3380998969078064,0.45
sample_99,63,0.33389949798583984,SONNE,0.8789926767349243,0.5446804165840149,0.45
sample_100,37,0.06459689140319824,ZWANZIG,0.6351770460605621,1.1116256713867188,0.45
sample_100,39,0.06594181060791016,BIS,0.7870368957519531,0.057643674314022064,0.45
sample_100,67,0.7928915023803711,GRAD,0.9714056849479675,0.017910052090883255,0.45
sample_100,110,0.793398380279541,BIS,0.6149825155735016,0.6422390341758728,0.45
sample_102,11,0.06015515327453613,TEILWEISE,0.663685142993927,0.7184162735939026,0.45
sample_105,60,0.047206878662109375,GRAD,0.5499598979949951,1.471614122390747,0.45
sample_106,18,0.03225851058959961,GUT,0.7919797599315643,0.08929769694805145,0.45
sample_106,21,0.03225851058959961,ABEND,0.7696575820446014,0.14346212148666382,0.45
sample_107,112,0.0837242603302002,NORDWEST,0.7833919525146484,0.22105547785758972,0.45
sample_108,119,0.0661625862121582,MORGEN,0.805818498134613,0.23490431904792786,0.45
sample_108,139,0.06716752052307129,SONNTAG,0.9781047999858856,0.1392490565776825,0.45
sample_109,16,0.13810467720031738,KOMMEN,0.8139332234859467,0.19221070408821106,0.45
sample_109,25,0.13810467720031738,SUED,0.5347447693347931,1.2314207553863525,0.45
sample_110,21,0.04178357124328613,NACHT,0.9469282031059265,0.0292978435754776,0.45
sample_114,34,0.07992792129516602,REGION,0.7531777322292328,0.5109584331512451,0.45
sample_117,10,0.04699563980102539,SUED,0.7743300497531891,0.4662328362464905,0.45
sample_118,64,0.05492830276489258,MINUS,0.7408182621002197,0.5442036390304565,0.45
sample_118,79,0.05492830276489258,ZWEI,0.6272781193256378,0.8721227049827576,0.45
sample_118,110,0.38251757621765137,GRAD,0.8814952969551086,0.0006532678380608559,0.45
sample_119,31,0.045861005783081055,SONNE,0.7530589401721954,0.003493867116048932,0.45
sample_119,52,0.045861005783081055,WOLKE,0.7558345794677734,0.07165172696113586,0.45
sample_119,59,0.2974255084991455,SUED,0.5636691749095917,0.66990065574646,0.45
sample_120,51,0.06620407104492188,HAUPTSAECHLICH,0.6768002659082413,0.9780243635177612,0.45
sample_122,54,0.0787496566772461,LUFT,0.829584389925003,0.3949449062347412,0.45
sample_122,179,0.0787496566772461,SCHNEE,0.7643914818763733,0.11626194417476654,0.45
sample_123,22,0.07145023345947266,REGION,0.7183010578155518,0.931405782699585,0.45
sample_123,84,0.07145023345947266,SCHNEE,0.7896521985530853,0.589897871017456,0.45
sample_123,153,0.3903944492340088,TIEF,0.6127397119998932,1.2238515615463257,0.45
sample_124,2,0.0325922966003418,WETTER,0.7631208300590515,0.004898562096059322,0.45
sample_124,5,0.0325922966003418,WIE-AUSSEHEN,0.7584553062915802,0.011872012168169022,0.45
sample_124,18,0.32660841941833496,MORGEN,0.9886500239372253,0.021438930183649063,0.45
sample_124,78,0.32660841941833496,SEPTEMBER,0.8485706448554993,0.007944697514176369,0.45
sample_125,104,0.08443689346313477,IX,0.6361751556396484,1.0599243640899658,0.45
sample_127,106,0.06511378288269043,GEWITTER,0.6640987396240234,0.519587516784668,0.45
sample_127,126,0.06511378288269043,neg-HABEN,0.5672270059585571,0.734965980052948,0.45
sample_128,59,0.06219625473022461,WECHSELHAFT,0.5092750787734985,0.7642219662666321,0.45
sample_129,55,0.048760414123535156,GRAD,0.5856354534626007,1.3778247833251953,0.45
sample_130,205,0.08621525764465332,WEHEN,0.7441686242818832,0.05609066039323807,0.45
sample_131,18,0.09281301498413086,REGION,0.5810257196426392,1.0265617370605469,0.45
sample_131,35,0.09281301498413086,TIEF,0.7428268492221832,0.38977691531181335,0.45
sample_131,141,0.39125800132751465,WOLKE,0.6727940440177917,0.6759524345397949,0.45
sample_131,147,0.39125800132751465,BISSCHEN,0.770620584487915,0.7013822793960571,0.45
sample_131,169,0.7652051448822021,REGEN,0.6227833032608032,0.7477070093154907,0.45
sample_133,16,0.036226511001586914,MITTAG,0.6219640970230103,0.7020881175994873,0.45
sample_134,30,0.06569290161132812,MAESSIG,0.5990909337997437,0.707158088684082,0.45
sample_135,49,0.06670165061950684,IX,0.5483126491308212,0.9497418999671936,0.45
sample_135,103,0.06670165061950684,ZEIGEN-BILDSCHIRM,0.5415761172771454,1.2932701110839844,0.45
sample_136,41,0.05158209800720215,BLEIBEN,0.5931426286697388,0.714976966381073,0.45
sample_136,65,0.05158209800720215,DEUTSCH,0.5902771949768066,0.9246384501457214,0.45
sample_137,38,0.04762911796569824,WIND,0.7303089797496796,0.20283423364162445,0.45
sample_140,1,0.04748272895812988,WETTER,0.7908970713615417,0.05684933066368103,0.45
sample_140,20,0.048506975173950195,MORGEN,0.7836328744888306,0.4807831048965454,0.45
sample_141,4,0.04613161087036133,SONNE,0.7473609447479248,0.03575432300567627,0.45
sample_141,34,0.047135353088378906,WOLKE,0.6973533630371094,0.7596160769462585,0.45
sample_145,2,0.06313967704772949,WETTER,0.9876294434070587,1.337369940301869e-05,0.45
sample_145,77,0.06313967704772949,SAMSTAG,0.5577461421489716,0.7513340711593628,0.45
sample_146,25,0.05408358573913574,REGION,0.6786278486251831,0.6752359867095947,0.45
sample_146,81,0.05408358573913574,SONNE,0.7504361271858215,0.014382551424205303,0.45
sample_147,17,0.05212259292602539,LAND,0.6721208989620209,0.6117599010467529,0.45
sample_147,26,0.05328536033630371,IM-VERLAUF,0.9352352917194366,0.24231286346912384,0.45
sample_147,57,0.3945200443267822,WOLKE,0.5428865253925323,0.7886790633201599,0.45
sample_148,62,0.07594609260559082,BISSCHEN,0.7376585304737091,0.6439026594161987,0.45
sample_150,68,0.057503700256347656,VERSCHWINDEN,0.7878581881523132,0.27818337082862854,0.45
sample_150,112,0.057503700256347656,SONNE,0.764450192451477,0.0007428968674503267,0.45
sample_151,26,0.062246084213256836,IX,0.7216287851333618,0.7319179177284241,0.45
sample_151,39,0.062246084213256836,TIEF,0.7435662150382996,0.5345121622085571,0.45
sample_151,59,0.40099048614501953,KOMMEN,0.5770585834980011,0.7377909421920776,0.45
sample_151,79,0.40099048614501953,REGION,0.5270121395587921,0.9463040828704834,0.45
sample_151,139,0.7284708023071289,FREUNDLICH,0.7528620064258575,0.0070013790391385555,0.45
sample_152,29,0.026472806930541992,GRAD,0.9050840735435486,0.11304812133312225,0.45
sample_153,23,0.06330442428588867,VIEL,0.5634663999080658,0.6874273419380188,0.45
sample_153,33,0.06430888175964355,SONNE,0.7280781269073486,0.5179789066314697,0.45
sample_153,78,0.3528146743774414,KLAR,0.5650852620601654,0.7232393622398376,0.45
sample_153,121,0.3528146743774414,KOENNEN,0.7471966743469238,0.03281303495168686,0.45
sample_155,27,0.03313755989074707,REGION,0.7871107459068298,0.7323920130729675,0.45
sample_155,72,0.03313755989074707,SONNE,0.8507795333862305,0.007923666387796402,0.45
sample_156,83,0.0559542179107666,BISSCHEN,0.7431040406227112,0.203158438205719,0.45
sample_156,125,0.0559542179107666,WOLKE,0.8589331209659576,0.09489447623491287,0.45
sample_157,65,0.0773775577545166,WEHEN,0.7610884606838226,0.11877020448446274,0.45
sample_157,113,0.07868385314941406,REGION,0.6052660644054413,0.61920166015625,0.45
sample_159,25,0.014248371124267578,TROCKEN,0.7380215525627136,0.38515064120292664,0.45
sample_160,53,0.03363394737243652,SCHNEE,0.8430286049842834,0.6180006265640259,0.45
sample_162,28,0.05308127403259277,SONNTAG,0.7156564593315125,0.5494056940078735,0.45
sample_164,18,0.015139341354370117,AUCH,0.5351509302854538,0.7569608092308044,0.45
sample_165,81,0.038465261459350586,GEWITTER,0.7572050392627716,0.009437547996640205,0.45
sample_166,20,0.04686379432678223,REGION,0.7013040781021118,0.47180673480033875,0.45
sample_166,43,0.04802513122558594,ZWISCHEN,0.9022042155265808,0.07060802727937698,0.45
sample_167,11,0.032419681549072266,REGION,0.6589296162128448,0.6832190752029419,0.45
sample_167,23,0.033441781997680664,BESONDERS,0.9076922833919525,0.48900943994522095,0.45
sample_168,19,0.03525710105895996,REGEN,0.6214152872562408,0.7596942186355591,0.45
sample_170,31,0.05667924880981445,TEIL,0.8120304644107819,0.027948275208473206,0.45
sample_170,87,0.057679176330566406,REGION,0.6141101717948914,0.6529214382171631,0.45
sample_170,93,0.36196041107177734,MOEGLICH,0.7003260254859924,0.8907887935638428,0.45
sample_170,100,0.36196041107177734,KLAR,0.5247738361358643,0.8493008613586426,0.45
sample_171,60,0.08505725860595703,SUEDWEST,0.7104724645614624,0.7421247959136963,0.45
sample_171,119,0.08505725860595703,SONST,0.6492565274238586,0.5447617769241333,0.45
sample_172,21,0.017664432525634766,STRASSE,0.7747552692890167,0.11537421494722366,0.45
sample_176,69,0.036521196365356445,IN-KOMMEND,0.7723114192485809,0.33793017268180847,0.45
sample_177,32,0.018248558044433594,TSCHUESS,0.6255925893783569,0.8870533108711243,0.45
sample_178,59,0.04421186447143555,REGION,0.7998427748680115,0.1305421143770218,0.45
sample_178,82,0.04421186447143555,KOMMEN,0.7490693032741547,0.02001732401549816,0.45
sample_179,19,0.05835866928100586,SONNTAG,0.8227131962776184,0.6019850969314575,0.45
sample_179,55,0.05835866928100586,SONNE,0.7955808341503143,0.008369696326553822,0.45
sample_180,72,0.0608830451965332,MAXIMAL,0.9723236858844757,0.03279077261686325,0.45
sample_185,7,0.02882099151611328,ABEND,0.8926165401935577,0.15515707433223724,0.45
sample_186,1,0.05681443214416504,NACHT,0.6919643878936768,0.3810398578643799,0.45
sample_186,30,0.057860374450683594,IX,0.6829591691493988,0.7302553057670593,0.45
sample_186,87,0.3652517795562744,BISSCHEN,0.5612162947654724,0.676282525062561,0.45
sample_188,102,0.06898212432861328,KOMMEN,0.7688530683517456,0.18210676312446594,0.45
sample_188,131,0.06998229026794434,REGEN,0.7491918504238129,0.017521819099783897,0.45
sample_189,36,0.12361764907836914,MORGEN,0.4667831212282181,1.097664713859558,0.45
sample_189,63,0.12361764907836914,REGION,0.7144358158111572,0.381204754114151,0.45
sample_190,16,0.054223060607910156,NORD,0.46937552094459534,1.3225879669189453,0.45
sample_190,118,0.054223060607910156,WARM,0.7578976154327393,0.010125400498509407,0.45
sample_191,2,0.03805708885192871,WETTER,0.8629157543182373,0.0002856450155377388,0.45
sample_191,16,0.039061546325683594,MORGEN,0.9759281277656555,0.0007134406478144228,0.45
sample_191,39,0.43920278549194336,MITTWOCH,0.7270967364311218,0.7186834216117859,0.45
sample_191,90,0.43920278549194336,JANUAR,0.7464324235916138,0.06172581762075424,0.45
sample_193,70,0.08701038360595703,SONNE,0.7771869897842407,0.694855272769928,0.45
sample_193,96,0.08851313591003418,WOLKE,0.6683852076530457,0.7799318432807922,0.45
sample_194,45,0.06092429161071777,SUEDOST,0.5296831429004669,0.7991799116134644,0.45
sample_195,55,0.06715798377990723,MORGEN,0.5677447617053986,0.7854719161987305,0.45
sample_195,134,0.06715798377990723,SONNE,0.9054361581802368,0.10715380311012268,0.45
sample_196,1,0.08599686622619629,NACHT,0.7656664848327637,0.003327394602820277,0.45
sample_196,41,0.08599686622619629,KLAR,0.6798276007175446,0.5038017630577087,0.45
sample_196,55,0.4152534008026123,NORDWEST,0.7565562725067139,0.14160646498203278,0.45
sample_196,160,0.4152534008026123,KOENNEN,0.8563167750835419,0.12231326103210449,0.45
sample_197,2,0.02361893653869629,LIEB,0.7192634344100952,0.2037305235862732,0.45
sample_197,4,0.02361893653869629,ZUSCHAUER,0.75206059217453,0.012543629854917526,0.45
sample_199,127,0.12214803695678711,TEIL,0.953015148639679,0.06298252195119858,0.45
sample_199,170,0.12365102767944336,SONNE,0.77908855676651,0.6742944121360779,0.45
sample_200,75,0.06664323806762695,REGEN,0.6339668333530426,0.7343833446502686,0.45
sample_202,86,0.04107165336608887,WETTER,0.7476594746112823,0.1457030177116394,0.45
sample_203,27,0.059148311614990234,WOLKE,0.7423582375049591,0.33455342054367065,0.45
sample_203,60,0.059148311614990234,NEBEL,0.5599155426025391,1.052535057067871,0.45
sample_203,69,0.38277268409729004,TEIL,0.4719727486371994,0.8402547240257263,0.45
sample_203,72,0.38277268409729004,TEILWEISE,0.5975745320320129,0.8617972135543823,0.45
sample_203,79,0.7863433361053467,AUCH,0.9210935831069946,0.3471132516860962,0.45
sample_203,88,0.7863433361053467,SONNE,0.7789386212825775,0.6862364411354065,0.45
sample_206,46,0.06456160545349121,SCHWACH,0.9803646504878998,0.13709497451782227,0.45
sample_206,64,0.06456160545349121,MAESSIG,0.7508264780044556,0.008899056352674961,0.45
sample_207,32,0.0933842658996582,DANN,0.4718376249074936,1.6328580379486084,0.45
sample_207,69,0.0933842658996582,FREUNDLICH,0.963338315486908,0.001531505025923252,0.45
sample_207,102,0.429154634475708,SAMSTAG,0.8994537889957428,0.01914800889790058,0.45
sample_207,132,0.429154634475708,NORD,0.598344087600708,0.7396402359008789,0.45
sample_213,26,0.020013093948364258,poss-EUCH,0.6506843715906143,0.4626886248588562,0.45
sample_214,30,0.05481886863708496,SONNE,0.7435997277498245,0.08025191724300385,0.45
sample_214,69,0.05481886863708496,IX,0.6670059859752655,0.6506644487380981,0.45
sample_215,28,0.04003000259399414,DONNERSTAG,0.6003469824790955,0.7212599515914917,0.45
sample_218,27,0.02013707160949707,KUEHL,0.532717376947403,0.7084766626358032,0.45
sample_219,1,0.05121612548828125,JETZT,0.7527354657649994,0.7063360214233398,0.45
sample_219,3,0.05280494689941406,WETTER,0.994907945394516,0.009300414472818375,0.45
sample_219,6,0.4508359432220459,WIE-AUSSEHEN,0.7879641950130463,0.6925135850906372,0.45
sample_219,24,0.4508359432220459,MORGEN,0.9700736999511719,3.0288079869933426e-05,0.45
sample_219,111,0.8664183616638184,DREISSIG,0.6316041052341461,1.2723157405853271,0.45
sample_220,1,0.045685768127441406,WETTER,0.7452615052461624,0.05847865343093872,0.45
sample_220,3,0.046685218811035156,WIE-AUSSEHEN,0.7509363889694214,0.019741062074899673,0.45
sample_220,108,0.30083370208740234,AUGUST,0.8106637299060822,0.015688113868236542,0.45
sample_223,46,0.043048858642578125,STURM,0.7643449008464813,0.5981981754302979,0.45
sample_224,29,0.05787301063537598,SUED,0.7314749360084534,0.7494165897369385,0.45
sample_224,38,0.05787301063537598,NACHT,0.7820129990577698,0.62249755859375,0.45
sample_225,60,0.05859041213989258,VERSCHWINDEN,0.6595163643360138,0.8342188596725464,0.45
sample_227,40,0.08323001861572266,STERN,0.8882342278957367,0.15404000878334045,0.45
sample_227,45,0.08323001861572266,KOENNEN,0.6519566774368286,0.7057559490203857,0.45
sample_227,51,0.5061767101287842,SEHEN,0.9622496068477631,0.25212496519088745,0.45
sample_228,54,0.037020206451416016,SECHS,0.7982140481472015,0.7586198449134827,0.45
sample_229,41,0.028082847595214844,DEUTSCHLAND,0.6967757344245911,0.4527396857738495,0.45
sample_230,58,0.09358620643615723,KOMMEN,0.8261592984199524,0.16333383321762085,0.45
sample_231,39,0.05863046646118164,HOCH,0.7397947907447815,0.11420321464538574,0.45
sample_232,40,0.06574892997741699,IX,0.5068235844373703,1.097865104675293,0.45
sample_232,140,0.06574892997741699,BEWOELKT,0.75532066822052,0.0990765318274498,0.45
sample_233,1,0.028099775314331055,NACHT,0.5099579393863678,0.6926867961883545,0.45
sample_234,19,0.07122182846069336,TIEF,0.8549268841743469,0.0196418147534132,0.45
sample_234,40,0.07122182846069336,KOMMEN,0.9315280020236969,0.30914491415023804,0.45
sample_234,80,0.3847780227661133,MORGEN,0.6608305871486664,0.7755334377288818,0.45
sample_237,8,0.0176084041595459,NORD,0.9182157516479492,0.0963125005364418,0.45
sample_238,37,0.06487822532653809,KUEHL,0.6275514662265778,0.8265913724899292,0.45
sample_238,113,0.06487822532653809,SONNE,0.9932985603809357,0.03111233562231064,0.45
sample_239,13,0.09860849380493164,MORGEN,0.683940589427948,0.520992636680603,0.45
sample_239,98,0.09860849380493164,WEST,0.5533687472343445,1.0064952373504639,0.45
sample_240,2,0.07501959800720215,WETTER,0.9922508299350739,7.593689588247798e-06,0.45
sample_240,94,0.07501959800720215,FEBRUAR,0.5223831236362457,0.7208299040794373,0.45
sample_241,46,0.06389713287353516,HEUTE,0.9443625807762146,0.17213104665279388,0.45
sample_241,49,0.06489372253417969,NACHT,0.88942950963974,0.32338887453079224,0.45
sample_241,107,0.38941121101379395,SCHNEE,0.6178232133388519,0.7043753862380981,0.45
sample_246,34,0.07814288139343262,WOLKE,0.7382230162620544,0.7540252208709717,0.45
sample_246,84,0.07814288139343262,SUEDOST,0.6844838857650757,0.7386349439620972,0.45
sample_247,51,0.07454085350036621,STURM,0.5299208164215088,0.9865891933441162,0.45
sample_247,110,0.0755612850189209,STARK,0.4698874205350876,1.0756601095199585,0.45
sample_247,150,0.3592238426208496,SUEDOST,0.5756948292255402,0.6765873432159424,0.45
sample_248,32,0.08386516571044922,REGEN,0.7494715452194214,0.6780349016189575,0.45
sample_249,2,0.04317522048950195,WETTER,0.9958517253398895,0.0046083382330834866,0.45
sample_249,21,0.045699357986450195,MORGEN,0.7506146430969238,0.21240901947021484,0.45
sample_249,104,0.40594029426574707,DEZEMBER,0.79421067237854,0.015912644565105438,0.45
sample_251,40,0.044637441635131836,NORD,0.7728149592876434,0.18850554525852203,0.45
sample_251,56,0.044637441635131836,MOEGLICH,0.5430420637130737,0.8583372235298157,0.45
sample_251,61,0.3564872741699219,BISSCHEN,0.7024805545806885,0.900267481803894,0.45
sample_251,87,0.3564872741699219,GEWITTER,0.798090785741806,0.02242223545908928,0.45
sample_252,1,0.07779717445373535,NACHT,0.4946749359369278,0.8102149963378906,0.45
sample_252,103,0.07779717445373535,MOEGLICH,0.6404927670955658,0.629914402961731,0.45
sample_254,38,0.040850162506103516,SONNE,0.7472805380821228,0.08273179829120636,0.45
sample_254,48,0.040850162506103516,HIMMEL,0.6553566753864288,0.6127767562866211,0.45
sample_254,63,0.3350498676300049,BIS,0.5736885070800781,0.8818438649177551,0.45
sample_255,97,0.06633281707763672,BLEIBEN,0.7502827942371368,0.044988252222537994,0.45
sample_257,3,0.043871402740478516,WETTER,0.8340088725090027,0.004134665243327618,0.45
sample_257,38,0.043871402740478516,MORGEN,0.852770060300827,0.2023569643497467,0.45
sample_257,54,0.43647003173828125,FREITAG,0.8838969171047211,0.14227630198001862,0.45
sample_257,82,0.43647003173828125,NOVEMBER,0.6818159222602844,0.41276097297668457,0.45
sample_258,51,0.08235812187194824,WEHEN,0.5586844086647034,1.1273040771484375,0.45
sample_260,80,0.06483840942382812,KOMMEN,0.5800134837627411,1.0067731142044067,0.45
sample_260,92,0.06483840942382812,DEUTSCH,0.509274959564209,1.014248251914978,0.45
sample_262,54,0.08029866218566895,NACHT,0.8433238863945007,0.16416123509407043,0.45
sample_262,155,0.08029866218566895,REGION,0.7343018054962158,0.6241870522499084,0.45
sample_264,35,0.047022342681884766,SONNE,0.5781721472740173,0.6858065128326416,0.45
sample_265,61,0.06987690925598145,BIS,0.7737697064876556,0.197483628988266,0.45
sample_269,49,0.06925177574157715,MEHR,0.7649675905704498,0.0936725065112114,0.45
sample_270,1,0.05446887016296387,NACHT,0.7960922122001648,0.07372771948575974,0.45
sample_270,69,0.05446887016296387,WOLKE,0.5626163184642792,0.7130219340324402,0.45
sample_271,33,0.020124197006225586,NEBEL,0.7199650406837463,0.8919304013252258,0.45
sample_273,43,0.06566524505615234,KUESTE,0.6854957044124603,0.6944770812988281,0.45
sample_273,77,0.06566524505615234,MAXIMAL,0.7091319262981415,0.49228140711784363,0.45
sample_274,78,0.03592205047607422,KUEHL,0.7475282847881317,0.033346615731716156,0.45
sample_275,101,0.05652618408203125,BISSCHEN,0.7532780766487122,0.07630875706672668,0.45
sample_277,135,0.09736514091491699,NORD,0.9417220950126648,0.12100739777088165,0.45
sample_278,79,0.05643725395202637,KOMMEN,0.8320299088954926,0.09950970858335495,0.45
sample_280,59,0.0481569766998291,EINS,0.782685250043869,0.7390984892845154,0.45
sample_280,95,0.0481569766998291,GRAD,0.745072066783905,0.17881591618061066,0.45
sample_281,2,0.12757182121276855,WETTER,0.9663196206092834,0.036132488399744034,0.45
sample_281,22,0.12757182121276855,MORGEN,0.9816444516181946,0.028661329299211502,0.45
sample_281,46,0.5524716377258301,DONNERSTAG,0.744428426027298,0.09269139915704727,0.45
sample_281,91,0.5524716377258301,DEZEMBER,0.6637269109487534,0.4126346707344055,0.45
sample_282,107,0.060888051986694336,SONNE,0.9172419905662537,0.05829247087240219,0.45
sample_283,53,0.052188873291015625,MEHR,0.4840300530195236,0.9722750186920166,0.45
sample_283,72,0.053189754486083984,KOENNEN,0.7251353859901428,0.5866166353225708,0.45
sample_283,102,0.41574859619140625,GEWITTER,0.7359540611505508,0.17085054516792297,0.45
sample_285,112,0.05853724479675293,TEILWEISE,0.955172598361969,0.10355701297521591,0.45
sample_288,2,0.042799949645996094,WETTER,0.7241635024547577,0.7806887626647949,0.45
sample_288,44,0.042799949645996094,FREITAG,0.8200905025005341,0.07507310062646866,0.45
sample_288,68,0.40909862518310547,MORGEN,0.6308658868074417,0.5458468198776245,0.45
sample_289,74,0.04558420181274414,WOLKE,0.8464815020561218,0.5800359845161438,0.45
sample_290,68,0.06307387351989746,WOLKE,0.7611097991466522,0.10507166385650635,0.45
sample_290,75,0.06307387351989746,MORGEN,0.7975804507732391,0.06033795699477196,0.45
sample_291,65,0.05799436569213867,FLUSS,0.7184625566005707,0.2863039970397949,0.45
sample_291,111,0.05799436569213867,NORD,0.6286500692367554,0.7243831157684326,0.45
sample_293,98,0.04628586769104004,REGEN,0.8290765583515167,0.006124407984316349,0.45
sample_294,2,0.0240323543548584,LIEB,0.5938445925712585,1.0281202793121338,0.45
sample_296,52,0.031146526336669922,MAESSIG,0.6928394436836243,0.5087860226631165,0.45
sample_297,44,0.030893802642822266,KOENNEN,0.9602099359035492,0.007127814926207066,0.45
sample_298,51,0.0446467399597168,WEST,0.7806683778762817,0.3609795570373535,0.45
sample_298,92,0.0446467399597168,GRAD,0.795364260673523,2.4676905013620853e-05,0.45
sample_300,32,0.03153729438781738,OST,0.6078954041004181,0.9823861122131348,0.45
sample_301,18,0.04326653480529785,SONNTAG,0.6304233074188232,0.7189388275146484,0.45
sample_301,60,0.04326653480529785,TEIL,0.6841439306735992,0.5106220245361328,0.45
sample_303,40,0.052324533462524414,KOMMEN,0.7769815921783447,0.45314013957977295,0.45
sample_304,55,0.024539947509765625,FREUNDLICH,0.7930671572685242,0.0135078439489007,0.45
sample_305,107,0.05643343925476074,GEWITTER,0.7344200313091278,0.7391890287399292,0.45
sample_305,128,0.0574338436126709,KOENNEN,0.7495490461587906,0.007520987186580896,0.45
sample_306,26,0.03339982032775879,KOMMEN,0.8409757018089294,0.19437921047210693,0.45
sample_307,28,0.05393171310424805,ZEHN,0.7762686610221863,0.1793307065963745,0.45
sample_307,91,0.05393171310424805,ZWISCHEN,0.8065484762191772,0.3809443712234497,0.45
sample_308,57,0.06705760955810547,SONNE,0.9954068064689636,0.02142389304935932,0.45
sample_308,70,0.06705760955810547,SONST,0.6336897611618042,0.9382789134979248,0.45
sample_308,79,0.3998551368713379,REGION,0.7819852828979492,0.2448333352804184,0.45
sample_308,112,0.40116143226623535,WOLKE,0.7549466490745544,0.05719900503754616,0.45
sample_310,55,0.0681757926940918,DRUCK,0.6037701666355133,0.7031913995742798,0.45
sample_310,92,0.0681757926940918,KOMMEN,0.7554373741149902,0.0953625738620758,0.45
sample_310,107,0.36037397384643555,SONNE,0.7503030896186829,0.017051201313734055,0.45
sample_311,96,0.06690096855163574,BIS,0.7035884261131287,0.45140135288238525,0.45
sample_311,126,0.06690096855163574,GRAD,0.7317617237567902,0.21813741326332092,0.45
sample_312,24,0.018178701400756836,BLEIBEN,0.7679568529129028,0.0744783878326416,0.45
sample_312,40,0.018178701400756836,TROCKEN,0.7401602864265442,0.12767139077186584,0.45
sample_314,31,0.025638580322265625,SONNE,0.7575072050094604,0.007828055880963802,0.45
sample_317,89,0.048436641693115234,BISSCHEN,0.6507047414779663,0.7053723931312561,0.45
sample_318,1,0.06241250038146973,NACHT,0.6975823938846588,0.3513987064361572,0.45
sample_318,38,0.06341266632080078,OST,0.6462074220180511,0.7229363918304443,0.45
sample_319,24,0.04796957969665527,MEISTENS,0.6304729878902435,0.8908635973930359,0.45
sample_319,79,0.04796957969665527,SUED,0.939669281244278,0.19209742546081543,0.45
sample_320,38,0.03534340858459473,WOLKE,0.8227693438529968,0.696536660194397,0.45
sample_324,2,0.045232534408569336,WETTER,0.9988428056240082,6.50323272566311e-05,0.45
sample_324,6,0.0467228889465332,WIE-AUSSEHEN,0.6191312372684479,0.7231920957565308,0.45
sample_325,21,0.05423331260681152,REGEN,0.6909202039241791,0.8046835064888,0.45
sample_326,1,0.022329330444335938,ABEND,0.5318233370780945,0.9593719244003296,0.45
sample_328,55,0.05116629600524902,REGEN,0.7254569232463837,0.927419900894165,0.45
sample_328,102,0.05116629600524902,FREUNDLICH,0.9289061725139618,0.007132453843951225,0.45
sample_329,22,0.06213855743408203,REGION,0.832800418138504,0.43844789266586304,0.45
sample_330,1,0.04681134223937988,MORGEN,0.7566303610801697,0.5199500322341919,0.45
sample_330,3,0.04681134223937988,WETTER,0.8431814312934875,0.1107909083366394,0.45
sample_330,6,0.3826863765716553,WIE-AUSSEHEN,0.972669392824173,0.00042646180372685194,0.45
sample_331,1,0.04324626922607422,NACHT,0.5196956396102905,0.7071683406829834,0.45
sample_332,93,0.05479025840759277,GRAD,0.7509711980819702,0.0034607918933033943,0.45
sample_334,15,0.049814701080322266,FREITAG,0.874241977930069,0.15335242450237274,0.45
sample_334,67,0.049814701080322266,SCHNEE,0.5409053862094879,1.0607746839523315,0.45
sample_334,76,0.42302584648132324,BERG,0.5507521331310272,0.7306566834449768,0.45
sample_336,1,0.052276611328125,NACHT,0.6153577119112015,0.5701572895050049,0.45
sample_341,32,0.10798931121826172,ZEIGEN-BILDSCHIRM,0.9406782388687134,0.11834418773651123,0.45
sample_342,1,0.04043769836425781,NACHT,0.6146251559257507,0.6270732879638672,0.45
sample_342,67,0.04043769836425781,KOMMEN,0.9707669317722321,0.010091667994856834,0.45
sample_345,111,0.05080223083496094,REGEN,0.6759875267744064,0.4515938460826874,0.45
sample_346,40,0.06750941276550293,REGION,0.7704538404941559,0.10706692188978195,0.45
sample_347,70,0.06231284141540527,SONNE,0.8084951639175415,0.038505882024765015,0.45
sample_347,126,0.06231284141540527,GEWITTER,0.7511581778526306,0.01312644686549902,0.45
sample_348,74,0.056658029556274414,TAUSEND,0.5561460256576538,0.991349458694458,0.45
sample_349,43,0.04481649398803711,SEE,0.5876266062259674,0.686116099357605,0.45
sample_351,1,0.0532991886138916,WETTER,0.8163198530673981,0.03386727720499039,0.45
sample_351,4,0.0532991886138916,WIE-AUSSEHEN,0.8307079374790192,0.5177533030509949,0.45
sample_351,24,0.2613997459411621,MORGEN,0.647431880235672,0.5834755301475525,0.45
sample_353,34,0.052170515060424805,NACHT,0.7000560760498047,0.6798916459083557,0.45
sample_353,74,0.052170515060424805,STARK,0.6488545835018158,0.7700332403182983,0.45
sample_355,65,0.026886940002441406,WECHSELHAFT,0.7471509277820587,0.05026112124323845,0.45
sample_358,58,0.05282235145568848,BLEIBEN,0.6414674520492554,0.805933952331543,0.45
sample_359,24,0.08468985557556152,SIEBEN,0.9404316842556,0.09516123682260513,0.45
sample_359,32,0.08468985557556152,MAXIMAL,0.8843713700771332,0.16313354671001434,0.45
sample_359,114,0.43705248832702637,GRAD,0.5828937590122223,0.76340651512146,0.45
sample_360,22,0.04613161087036133,SUED,0.8457874059677124,0.5467319488525391,0.45
sample_360,41,0.04613161087036133,FREUNDLICH,0.7247941493988037,0.8719439506530762,0.45
sample_360,80,0.450206995010376,LANG,0.768836110830307,0.34632840752601624,0.45
sample_360,111,0.450206995010376,SCHAUER,0.7776868641376495,0.08098191767930984,0.45
sample_361,46,0.05430293083190918,OST,0.6248354315757751,0.7761269807815552,0.45
sample_362,101,0.06588077545166016,SONST,0.7628389000892639,0.5791300535202026,0.45
sample_363,29,0.05489945411682129,IX,0.8018025159835815,0.05535711720585823,0.45
sample_363,46,0.05489945411682129,BISSCHEN,0.9672267735004425,0.1220785602927208,0.45
sample_363,91,0.4048178195953369,FREUNDLICH,0.7536600530147552,0.08290490508079529,0.45
sample_365,75,0.04936075210571289,NORD,0.8917460441589355,0.48675537109375,0.45
sample_366,1,0.06147456169128418,NACHT,0.7500071823596954,0.0003599814954213798,0.45
sample_368,66,0.05115699768066406,NORD,0.8059602379798889,0.05928274616599083,0.45
sample_370,22,0.03236985206604004,HEUTE,0.7617180645465851,0.024347687140107155,0.45
sample_371,17,0.043735504150390625,SCHWACH,0.692491739988327,0.6502729654312134,0.45
sample_372,72,0.04594230651855469,KOMMEN,0.7504007816314697,0.004931619390845299,0.45
sample_373,22,0.02167510986328125,MORGEN,0.5970964431762695,0.6930719017982483,0.45
sample_374,43,0.06377005577087402,KOMMEN,0.7180556654930115,0.7724161148071289,0.45
sample_375,68,0.07098889350891113,NORDWEST,0.5996881872415543,0.9167568683624268,0.45
sample_377,33,0.048604726791381836,SONNE,0.9854028224945068,0.04178718477487564,0.45
sample_379,12,0.016117334365844727,ABEND,0.834219217300415,0.5997927188873291,0.45
sample_382,96,0.0542445182800293,MAXIMAL,0.7142187356948853,0.3019227981567383,0.45
sample_382,126,0.0542445182800293,GRAD,0.750106543302536,0.0005858069052919745,0.45
sample_384,50,0.09975266456604004,SONNE,0.7963732779026031,0.009986277669668198,0.45
sample_384,74,0.10075211524963379,WOLKE,0.6916026473045349,0.8970048427581787,0.45
sample_384,120,0.3605992794036865,REGEN,0.7940388321876526,0.6511791348457336,0.45
sample_385,31,0.03701210021972656,FREITAG,0.7738474011421204,0.33209145069122314,0.45
sample_386,25,0.050362586975097656,HEISS,0.5187461078166962,0.9540859460830688,0.45
sample_386,81,0.050362586975097656,GEWITTER,0.8684494495391846,0.5744718313217163,0.45
sample_387,77,0.07178831100463867,KOMMEN,0.945239394903183,0.06404035538434982,0.45
sample_389,85,0.07312488555908203,SONNE,0.7451237738132477,0.09546853601932526,0.45
sample_390,19,0.02506256103515625,ABEND,0.9470959901809692,0.08827852457761765,0.45
sample_390,42,0.02506256103515625,MITTEILEN,0.7238430082798004,0.5453426837921143,0.45
sample_391,2,0.04894447326660156,WIE-AUSSEHEN,0.7850489914417267,0.705482542514801,0.45
sample_391,110,0.04894447326660156,NOVEMBER,0.7474550008773804,0.024287700653076172,0.45
sample_392,89,0.05572247505187988,BIS,0.6936453282833099,0.6970487833023071,0.45
sample_394,39,0.07348966598510742,SUEDOST,0.7953248918056488,0.10364077985286713,0.45
sample_395,28,0.0580899715423584,SIEBEN,0.5806460082530975,1.0933473110198975,0.45
sample_395,32,0.0580899715423584,BIS,0.8948179185390472,0.1810004711151123,0.45
sample_395,40,0.359661340713501,ZWANZIG,0.682158887386322,0.6931006908416748,0.45
sample_395,44,0.359661340713501,ELF,0.4951888620853424,0.9430046081542969,0.45
sample_395,52,0.6734111309051514,GRAD,0.6578478515148163,0.5739892721176147,0.45
sample_396,66,0.04299306869506836,KOENNEN,0.534457266330719,0.7481067180633545,0.45
sample_396,112,0.04299306869506836,GRAD,0.7467471063137054,0.08820465207099915,0.45
sample_398,19,0.08177328109741211,REGION,0.716221421957016,0.32219862937927246,0.45
sample_398,34,0.08177328109741211,MORGEN,0.8988823890686035,0.4006809592247009,0.45
sample_398,52,0.37505650520324707,TIEF,0.77910977602005,0.3030303120613098,0.45
sample_401,1,0.05561566352844238,NACHT,0.6232519298791885,0.5787805318832397,0.45
sample_404,1,0.04640030860900879,NACHT,0.8488936424255371,0.012882042676210403,0.45
sample_404,88,0.04640030860900879,GRAD,0.9987709522247314,2.1187475795159116e-05,0.45
sample_405,61,0.044283390045166016,GRAD,0.6884770691394806,0.3795711100101471,0.45
sample_408,24,0.022904157638549805,SONNE,0.9844634830951691,0.12127907574176788,0.45
sample_410,48,0.061254024505615234,WOLKE,0.8330229222774506,0.051610007882118225,0.45
sample_411,19,0.0711064338684082,LAND,0.7081280946731567,0.7344754338264465,0.45
sample_411,31,0.0711064338684082,MOEGLICH,0.6881228089332581,0.44140487909317017,0.45
sample_411,90,0.4645235538482666,SONNE,0.6942712962627411,0.5529201626777649,0.45
sample_414,77,0.036353111267089844,KOMMEN,0.8111465871334076,0.004986614920198917,0.45
sample_415,123,0.0875542163848877,BISSCHEN,0.7332109808921814,0.5608800053596497,0.45
sample_415,152,0.0875542163848877,REGION,0.6521037518978119,0.6648646593093872,0.45
sample_416,52,0.05879378318786621,STERN,0.8315240442752838,0.19827555119991302,0.45
sample_416,61,0.05879378318786621,KOENNEN,0.6181702315807343,0.6729680299758911,0.45
sample_416,64,0.34339165687561035,SEHEN,0.7927316725254059,0.5522531867027283,0.45
sample_416,130,0.34339165687561035,REGEN,0.7500807642936707,0.03146035969257355,0.45
sample_417,29,0.040699005126953125,WOLKE,0.637908011674881,0.7077018022537231,0.45
sample_420,101,0.0914313793182373,ALPEN,0.6397958993911743,0.7798203825950623,0.45
sample_420,156,0.09243154525756836,NUR,0.7460062205791473,0.3518407344818115,0.45
sample_421,16,0.024483680725097656,ABEND,0.9086007177829742,0.049628641456365585,0.45
sample_422,15,0.05807352066040039,SCHWACH,0.6759125590324402,0.5548213720321655,0.45
sample_422,55,0.05907869338989258,IX,0.7856812179088593,0.45711907744407654,0.45
sample_423,13,0.016590118408203125,AUCH,0.5447582006454468,1.0337778329849243,0.45
sample_424,71,0.03011608123779297,GRAD,0.9108550548553467,0.10532988607883453,0.45
sample_427,25,0.018579959869384766,VIEL,0.5774619877338409,0.6934746503829956,0.45
sample_428,1,0.05660533905029297,NACHT,0.7174805700778961,0.2621363699436188,0.45
sample_428,64,0.05660533905029297,KOMMEN,0.8742210566997528,0.4192028045654297,0.45
sample_428,80,0.2700061798095703,SCHAUER,0.5861083269119263,0.7681437730789185,0.45
sample_428,107,0.2700061798095703,GEWITTER,0.6919262856245041,0.3403124213218689,0.45
sample_429,83,0.05161404609680176,BIS,0.8929134011268616,0.04819825664162636,0.45
sample_429,109,0.05161404609680176,GRAD,0.8685362935066223,0.09501633793115616,0.45
sample_431,86,0.05186796188354492,ZEHN,0.7739719152450562,0.06413237005472183,0.45
sample_431,112,0.05186796188354492,GRAD,0.7509724199771881,0.0006363767897710204,0.45
sample_432,45,0.05332064628601074,MORGEN,0.6845125257968903,0.616252601146698,0.45
sample_433,18,0.018526554107666016,AUCH,0.7814697325229645,0.3266974091529846,0.45
sample_434,22,0.038277387619018555,WEST,0.8437402248382568,0.18084314465522766,0.45
sample_434,64,0.038277387619018555,MOEGLICH,0.7607505023479462,0.5772453546524048,0.45
sample_434,77,0.342836856842041,GLATT,0.6758038997650146,0.517996609210968,0.45
sample_436,84,0.04842257499694824,BISSCHEN,0.7310427129268646,0.4390207827091217,0.45
sample_437,28,0.05314993858337402,LUFT,0.7249104976654053,0.8884815573692322,0.45
sample_437,93,0.05314993858337402,KOENNEN,0.7125912606716156,0.6327118873596191,0.45
sample_437,117,0.35987305641174316,LAND,0.7929738759994507,0.23697525262832642,0.45
sample_438,50,0.038796186447143555,WEHEN,0.6221116483211517,0.8108139038085938,0.45
sample_438,60,0.038796186447143555,KOENNEN,0.9670662879943848,0.19271411001682281,0.45
sample_439,43,0.06850719451904297,REGEN,0.7483517527580261,0.6525189876556396,0.45
sample_443,3,0.051553964614868164,WETTER,0.7741748690605164,0.0051237959414720535,0.45
sample_443,45,0.051553964614868164,DONNERSTAG,0.7822196781635284,0.8503439426422119,0.45
sample_443,100,0.41153788566589355,WECHSELHAFT,0.7675778269767761,0.00936118420213461,0.45
sample_445,92,0.13426518440246582,SONNE,0.8514018654823303,0.6413695812225342,0.45
sample_446,77,0.037114620208740234,ZEIGEN-BILDSCHIRM,0.5894470661878586,1.4060977697372437,0.45
sample_448,21,0.040463924407958984,HEUTE,0.818909078836441,0.48740777373313904,0.45
sample_448,62,0.040463924407958984,BISSCHEN,0.8124089241027832,0.6628113389015198,0.45
sample_448,81,0.3793373107910156,SCHAUER,0.6410981118679047,0.5101724863052368,0.45
sample_449,39,0.0370945930480957,GEWITTER,0.617190957069397,0.6917778253555298,0.45
sample_449,67,0.03811311721801758,NEBEL,0.7491351068019867,0.11622026562690735,0.45
sample_452,9,0.019854307174682617,IN-KOMMEND,0.6315755546092987,0.723152220249176,0.45
sample_454,54,0.05247783660888672,SONNTAG,0.7466558814048767,0.11439047753810883,0.45
sample_455,29,0.027254343032836914,TEIL,0.6028491854667664,0.7018154859542847,0.45
sample_456,15,0.058759212493896484,SCHWACH,0.8973632156848907,0.04780041426420212,0.45
sample_456,58,0.058759212493896484,IX,0.6667801141738892,0.5741391777992249,0.45
sample_458,77,0.049890995025634766,ACHTZEHN,0.5921931862831116,1.3715245723724365,0.45
sample_459,106,0.06684565544128418,TEIL,0.8075077831745148,0.03672230243682861,0.45
sample_459,150,0.06784558296203613,GEWITTER,0.7508726418018341,0.0017807488329708576,0.45
sample_460,90,0.03525137901306152,WECHSELHAFT,0.7499598264694214,0.001901927636936307,0.45
sample_462,11,0.07789897918701172,NORD,0.751160204410553,0.21729668974876404,0.45
sample_462,53,0.07789897918701172,SONNE,0.7845167219638824,0.7670697569847107,0.45
sample_462,117,0.3988230228424072,TEIL,0.706485241651535,0.7184544801712036,0.45
sample_462,134,0.3988230228424072,REGION,0.7441610097885132,0.08028388768434525,0.45
sample_464,74,0.056276798248291016,KOMMEN,0.7996929883956909,0.19521209597587585,0.45
sample_464,87,0.056276798248291016,MEHR,0.5486152768135071,0.737563967704773,0.45
sample_465,69,0.06778621673583984,REGEN,0.727434515953064,0.1980646550655365,0.45
sample_465,79,0.06778621673583984,TEILWEISE,0.5975822508335114,0.8743074536323547,0.45
sample_465,109,0.37110233306884766,NORD,0.7817940711975098,0.051118046045303345,0.45
sample_465,151,0.37110233306884766,FREUNDLICH,0.7314006984233856,0.23149926960468292,0.45
sample_466,32,0.07686161994934082,GEWITTER,0.7827653288841248,0.6760157346725464,0.45
sample_466,134,0.07788324356079102,KOMMEN,0.7235579192638397,0.7020704746246338,0.45
sample_466,147,0.3592262268066406,NORD,0.6049014329910278,0.6136019229888916,0.45
sample_468,30,0.027531147003173828,WECHSELHAFT,0.5784643292427063,0.6998351812362671,0.45
sample_469,20,0.04131674766540527,SCHWACH,0.8364821076393127,0.6291346549987793,0.45
sample_469,32,0.04131674766540527,MAESSIG,0.590107649564743,0.9410470724105835,0.45
sample_469,38,0.29224419593811035,NORD,0.6352197527885437,0.7630862593650818,0.45
sample_470,2,0.056310176849365234,NACHT,0.6221756041049957,0.9639435410499573,0.45
sample_470,35,0.057309627532958984,GRAD,0.7892040312290192,0.05836911499500275,0.45
sample_470,86,0.3898189067840576,SONNTAG,0.6294552981853485,0.6221323013305664,0.45
sample_470,130,0.3908226490020752,ZEIGEN-BILDSCHIRM,0.7346028983592987,0.1568695455789566,0.45
sample_471,36,0.044103145599365234,ACHT,0.8460337519645691,0.14370238780975342,0.45
sample_471,60,0.044103145599365234,GRAD,0.6641952395439148,0.6929264664649963,0.45
sample_473,30,0.018223047256469727,ABEND,0.45856478810310364,0.9559388160705566,0.45
sample_475,2,0.04169416427612305,WETTER,0.7601165175437927,0.002275537233799696,0.45
sample_475,5,0.042197227478027344,WIE-AUSSEHEN,0.5706523656845093,0.6965987682342529,0.45
sample_475,24,0.3304927349090576,MORGEN,0.8918100595474243,0.054651640355587006,0.45
sample_475,51,0.3314931392669678,SAMSTAG,0.6225838661193848,0.5957741141319275,0.45
sample_475,96,0.7261607646942139,NOVEMBER,0.7557832598686218,0.003523609135299921,0.45
sample_476,44,0.04468035697937012,KOMMEN,0.849970668554306,0.5788348317146301,0.45
sample_476,78,0.04468035697937012,HEUTE,0.793616533279419,0.10315647721290588,0.45
sample_476,81,0.3423807621002197,NACHT,0.7331246435642242,0.3882279396057129,0.45
sample_477,50,0.05489778518676758,LUFT,0.5404916256666183,1.3246992826461792,0.45
sample_477,104,0.05489778518676758,FREUNDLICH,0.7252159714698792,0.7294604778289795,0.45
sample_480,24,0.02265453338623047,MEHR,0.9733437299728394,0.1247890368103981,0.45
sample_483,2,0.025443315505981445,ZUSCHAUER,0.9297654330730438,0.396065890789032,0.45
sample_483,34,0.026659011840820312,ABEND,0.8714134395122528,0.02521897293627262,0.45
sample_485,73,0.04331254959106445,GEWITTER,0.9950759410858154,0.000468926940811798,0.45
sample_486,27,0.022586584091186523,SAMSTAG,0.7036610245704651,0.431270033121109,0.45
sample_487,14,0.05249810218811035,BIS,0.8347013592720032,0.23590397834777832,0.45
sample_490,66,0.0749671459197998,FREUNDLICH,0.6597076654434204,1.2948623895645142,0.45
sample_490,80,0.07596659660339355,NORD,0.8307952582836151,0.37172818183898926,0.45
sample_490,85,0.43269991874694824,SEE,0.5280132591724396,0.8392038345336914,0.45
sample_494,38,0.055115699768066406,TIEF,0.8274995684623718,0.0594371035695076,0.45
sample_494,69,0.055115699768066406,KOMMEN,0.8090679049491882,0.029639504849910736,0.45
sample_494,76,0.2981870174407959,MORGEN,0.9319227337837219,0.04495943710207939,0.45
sample_495,87,0.06351494789123535,ABEND,0.9169183969497681,0.2280217707157135,0.45
sample_495,152,0.06351494789123535,GEWITTER,0.7248972207307816,0.2191016674041748,0.45
sample_496,2,0.13526558876037598,WETTER,0.8087737858295441,0.6669595241546631,0.45
sample_496,4,0.13526558876037598,WIE-AUSSEHEN,0.9135182201862335,0.21031507849693298,0.45
sample_496,58,0.35826754570007324,SONNE,0.72879958152771,0.16482678055763245,0.45
sample_500,43,0.04800701141357422,MEHR,0.4634951651096344,1.0308821201324463,0.45
sample_501,22,0.07510566711425781,SUED,0.5637987703084946,1.2599964141845703,0.45
sample_501,85,0.07610535621643066,REGION,0.775606632232666,0.30865639448165894,0.45
sample_503,1,0.029660940170288086,ABEND,0.7659890353679657,0.6893224716186523,0.45
sample_503,4,0.029660940170288086,ZUSCHAUER,0.828223317861557,0.0006544808857142925,0.45
sample_503,46,0.2655963897705078,poss-EUCH,0.9411142468452454,0.06885679811239243,0.45
sample_505,1,0.06760048866271973,NACHT,0.688607931137085,0.3788817524909973,0.45
sample_505,49,0.06760048866271973,REGION,0.6039577424526215,0.8948040008544922,0.45
sample_506,19,0.039610862731933594,NORD,0.7191317975521088,0.5735144019126892,0.45
sample_508,11,0.02985835075378418,REGION,0.8252209722995758,0.2764925956726074,0.45
sample_508,25,0.02985835075378418,BIS,0.9660937786102295,0.04320193827152252,0.45
sample_509,17,0.0471196174621582,REGION,0.8422563374042511,0.3387395143508911,0.45
sample_509,30,0.0471196174621582,IN-KOMMEND,0.8684705495834351,0.2909257113933563,0.45
sample_509,45,0.40891456604003906,TEIL,0.47665563225746155,1.3600478172302246,0.45
sample_510,62,0.05083155632019043,SUEDWEST,0.5745045840740204,0.7434307336807251,0.45
sample_510,89,0.05083155632019043,BIS,0.9354879856109619,0.14369066059589386,0.45
sample_510,122,0.3477170467376709,GRAD,0.6965728849172592,0.5010164976119995,0.45
sample_512,57,0.03367924690246582,BISSCHEN,0.9154993295669556,0.01815684884786606,0.45
sample_514,43,0.08363509178161621,REGEN,0.9145531058311462,0.20260071754455566,0.45
sample_515,2,0.04480385780334473,WETTER,0.8796195983886719,0.0002009503950830549,0.45
sample_515,47,0.04480385780334473,MITTWOCH,0.8488960862159729,0.1805781126022339,0.45
sample_515,107,1.8486311435699463,JANUAR,0.7411516904830933,0.10119947046041489,0.45
sample_519,34,0.03777360916137695,REGION,0.8373863101005554,0.23320412635803223,0.45
sample_520,61,0.05998420715332031,GEWITTER,0.9301906824111938,0.06226304918527603,0.45
sample_520,74,0.06098651885986328,SUED,0.8065192103385925,0.40899983048439026,0.45
sample_520,113,0.4132988452911377,STURM,0.7403116226196289,0.7784947156906128,0.45
sample_521,24,0.02559351921081543,TEILWEISE,0.7935131192207336,0.4738781154155731,0.45
sample_523,55,0.02504563331604004,SONNE,0.7502721548080444,0.0029200047720223665,0.45
sample_524,2,0.04812479019165039,WETTER,0.9262449741363525,0.0002522819268051535,0.45
sample_524,19,0.04812479019165039,MORGEN,0.7667759656906128,0.06304198503494263,0.45
sample_524,50,0.4886026382446289,DONNERSTAG,0.526981383562088,0.7138671278953552,0.45
sample_524,93,0.4886026382446289,MAERZ,0.7455175817012787,0.048724330961704254,0.45
sample_525,101,0.046462059020996094,ZWANZIG,0.7316213548183441,0.4644352197647095,0.45
sample_525,121,0.046462059020996094,GRAD,0.7485876679420471,0.02605072781443596,0.45
sample_526,41,0.0583958625793457,WOLKE,0.7779893577098846,0.23173269629478455,0.45
sample_531,57,0.04461359977722168,BIS,0.7963536381721497,0.34030935168266296,0.45
sample_531,73,0.045987606048583984,ZEHN,0.7432192862033844,0.2740527391433716,0.45
sample_532,70,0.06902217864990234,VERSCHWINDEN,0.662909060716629,1.209749460220337,0.45
sample_533,1,0.041980743408203125,MORGEN,0.596196323633194,0.7297962307929993,0.45
sample_533,4,0.041980743408203125,WIE-AUSSEHEN,0.8969296813011169,0.035582464188337326,0.45
sample_534,22,0.03457927703857422,WOLKE,0.6616945862770081,0.6609541177749634,0.45
sample_534,39,0.03457927703857422,SCHNEE,0.7854591012001038,0.5271553993225098,0.45
sample_535,38,0.035897016525268555,TATSAECHLICH,0.471094086766243,1.2839999198913574,0.45
sample_540,53,0.07992339134216309,GRAD,0.7634038925170898,0.004630969371646643,0.45
sample_541,1,0.026934146881103516,ABEND,0.544893890619278,0.6932796239852905,0.45
sample_541,3,0.026934146881103516,LIEB,0.851967990398407,0.6031615734100342,0.45
sample_541,5,0.2543184757232666,ZUSCHAUER,0.8936225473880768,0.0013220224063843489,0.45
sample_543,41,0.04855656623840332,IX,0.7706015408039093,0.753077507019043,0.45
sample_543,54,0.04855656623840332,NORDWEST,0.7738253176212311,0.3601505160331726,0.45
sample_546,1,0.054537296295166016,NACHT,0.7052207589149475,0.6806043982505798,0.45
sample_546,92,0.054537296295166016,GRAD,0.5371963679790497,0.747361421585083,0.45
sample_548,83,0.07734560966491699,REGION,0.6879464685916901,0.9660000801086426,0.45
sample_549,26,0.049559593200683594,DANN,0.5500070154666901,0.7215632796287537,0.45
sample_551,38,0.04597306251525879,NORDWEST,0.6659352481365204,0.8668590784072876,0.45
sample_551,56,0.04597306251525879,SUED,0.8371200859546661,0.005528670735657215,0.45
sample_552,41,0.019312381744384766,FREUNDLICH,0.7539454698562622,0.0010822371114045382,0.45
sample_553,1,0.016880273818969727,AUCH,0.6024697422981262,1.170976161956787,0.45
sample_556,71,0.04918169975280762,SECHS,0.7778783738613129,0.4519498348236084,0.45
sample_557,37,0.042612552642822266,KOMMEN,0.5666763782501221,0.6845203042030334,0.45
sample_559,31,0.01697516441345215,GEWITTER,0.8768194615840912,0.05460650101304054,0.45
sample_560,53,0.09530806541442871,NORD,0.7690958678722382,0.6347908973693848,0.45
sample_560,86,0.09530806541442871,SONNE,0.9592185616493225,0.005003511905670166,0.45
sample_563,43,0.029744386672973633,SCHNEE,0.6052838861942291,1.1516562700271606,0.45
sample_565,45,0.051505088806152344,IX,0.6354289352893829,0.7155250310897827,0.45
sample_566,23,0.02766251564025879,SCHAUER,0.7143089473247528,0.6894758939743042,0.45
sample_567,1,0.05562186241149902,WIE-AUSSEHEN,0.6469500213861465,0.5931017994880676,0.45
sample_567,35,0.05562186241149902,MORGEN,0.5870625674724579,0.695063591003418,0.45
sample_567,55,0.37868690490722656,DONNERSTAG,0.6857574880123138,0.8974126577377319,0.45
sample_567,82,0.37868690490722656,SIEBEN,0.5195554196834564,1.0291883945465088,0.45
sample_567,108,0.6889421939849854,JANUAR,0.6164813786745071,0.8693341016769409,0.45
sample_568,1,0.050295114517211914,WETTER,0.7512664198875427,0.0028312653303146362,0.45
sample_568,4,0.050295114517211914,WIE-AUSSEHEN,0.7513851225376129,0.028370972722768784,0.45
sample_568,30,0.25624799728393555,MORGEN,0.9736357927322388,0.01462580356746912,0.45
sample_568,58,0.25624799728393555,MONTAG,0.7600764036178589,0.633953869342804,0.45
sample_568,123,0.5637524127960205,NOVEMBER,0.7492744773626328,0.009866081178188324,0.45
sample_569,37,0.033754587173461914,GUT,0.9737043380737305,0.014109059236943722,0.45
sample_569,40,0.033754587173461914,ABEND,0.7937795221805573,0.04906502366065979,0.45
sample_572,42,0.04367828369140625,REGION,0.755531370639801,0.41860637068748474,0.45
sample_572,61,0.04367828369140625,SONNE,0.9533144235610962,0.002506652846932411,0.45
sample_573,31,0.01811504364013672,REGEN,0.6961036175489426,0.3526836931705475,0.45
sample_574,37,0.08856964111328125,SONNE,0.9663076996803284,0.00817240122705698,0.45
sample_574,106,0.08856964111328125,MONTAG,0.8543532192707062,0.6154665946960449,0.45
sample_574,141,0.43938493728637695,REGEN,0.9308379888534546,0.2723768651485443,0.45
sample_575,110,0.046149253845214844,SCHNEE,0.6025696396827698,0.8509488105773926,0.45
sample_577,3,0.04821634292602539,WETTER,0.6723179519176483,0.8782798647880554,0.45
sample_577,105,0.04921674728393555,JANUAR,0.7623788118362427,0.11670991033315659,0.45
sample_578,82,0.07301068305969238,SCHNEE,0.7398998737335205,0.1023147702217102,0.45
sample_578,97,0.07351207733154297,AUCH,0.7233926951885223,0.302781879901886,0.45
sample_579,38,0.040472984313964844,FREUNDLICH,0.8297668397426605,0.6276108026504517,0.45
sample_581,40,0.04098987579345703,SCHWACH,0.9084752798080444,0.4632309675216675,0.45
sample_583,3,0.04818153381347656,WETTER,0.9957335889339447,0.032715264707803726,0.45
sample_583,5,0.04918313026428223,WIE-AUSSEHEN,0.7425962686538696,0.09510912001132965,0.45
sample_584,104,0.04817652702331543,GRAD,0.806528240442276,0.4845176339149475,0.45
sample_585,73,0.057779788970947266,STERN,0.4608508497476578,1.1241732835769653,0.45
sample_585,75,0.057779788970947266,KOENNEN,0.7347819805145264,0.5967562198638916,0.45
sample_585,80,0.37267208099365234,SEHEN,0.7449132204055786,0.4138321280479431,0.45
sample_585,122,0.37267208099365234,REGEN,0.7457647323608398,0.07700443267822266,0.45
sample_587,1,0.04080843925476074,NACHT,0.5130705535411835,0.6923788785934448,0.45
sample_587,66,0.04080843925476074,AUCH,0.7622097432613373,0.2753874361515045,0.45
sample_587,100,0.3619089126586914,GEWITTER,0.750136137008667,0.0030290470458567142,0.45
sample_588,66,0.028818130493164062,SONNE,0.9237809479236603,0.3946698009967804,0.45
sample_589,18,0.04589128494262695,NUR,0.8673867881298065,0.18722793459892273,0.45
sample_589,75,0.04589128494262695,SUED,0.7584147155284882,0.5173407793045044,0.45
sample_590,73,0.07518506050109863,HOCH,0.666167676448822,0.8936799764633179,0.45
sample_595,41,0.08718705177307129,WOLKE,0.7186785340309143,0.6974424123764038,0.45
sample_595,67,0.08718705177307129,REGEN,0.6892731487751007,0.9311056137084961,0.45
sample_595,77,0.4869985580444336,NORDWEST,0.8274587690830231,0.2866310477256775,0.45
sample_595,161,0.4869985580444336,SCHNEE,0.9666016101837158,0.20930933952331543,0.45
sample_596,59,0.029143095016479492,REGEN,0.7489644885063171,0.035354480147361755,0.45
sample_599,42,0.04784345626831055,SONNE,0.9848709106445312,0.0009161073248833418,0.45
sample_599,65,0.04884529113769531,WOLKE,0.7834171950817108,0.08336073905229568,0.45
sample_600,2,0.012236595153808594,ZUSCHAUER,0.7415456771850586,0.11030825972557068,0.45
sample_601,82,0.07862138748168945,BAYERN,0.6696649491786957,1.27127206325531,0.45
sample_601,147,0.07862138748168945,BLEIBEN,0.6997150778770447,0.9920182228088379,0.45
sample_603,63,0.06911468505859375,TEIL,0.9045229256153107,0.019347205758094788,0.45
sample_603,109,0.06911468505859375,REGEN,0.7043351531028748,0.6788424253463745,0.45
sample_607,57,0.07364559173583984,SONNE,0.8067337572574615,9.85772130661644e-05,0.45
sample_607,78,0.07364559173583984,WOLKE,0.6241438686847687,0.677363932132721,0.45
sample_608,25,0.04867982864379883,SUEDOST,0.8357927799224854,0.23501160740852356,0.45
sample_608,61,0.04867982864379883,MOEGLICH,0.6679012179374695,0.5213602185249329,0.45
sample_609,73,0.0834662914276123,SCHAUER,0.697466105222702,0.8421108722686768,0.45
sample_609,93,0.0834662914276123,GEWITTER,0.8196305632591248,0.1632910817861557,0.45
sample_609,110,0.446819543838501,REGION,0.5512382090091705,0.9725745916366577,0.45
sample_611,35,0.07995986938476562,KOMMEN,0.8953029215335846,0.14924375712871552,0.45
sample_611,42,0.07995986938476562,SUED,0.9781506061553955,0.09959214925765991,0.45
sample_613,53,0.05171847343444824,KOMMEN,0.9670759439468384,0.02710878476500511,0.45
sample_614,71,0.051215171813964844,NORD,0.6632405817508698,0.716842770576477,0.45
sample_615,2,0.04539322853088379,WETTER,0.8911822140216827,0.12875151634216309,0.45
sample_615,4,0.04539322853088379,WIE-AUSSEHEN,0.7537432610988617,0.05870309844613075,0.45
sample_615,44,0.3341710567474365,DIENSTAG,0.9037456214427948,0.14899447560310364,0.45
sample_615,93,0.3341710567474365,JANUAR,0.5974545031785965,0.8534113168716431,0.45
sample_618,1,0.04995393753051758,NACHT,0.741553395986557,0.08937866240739822,0.45
sample_618,76,0.04995393753051758,ALPEN,0.8601520955562592,0.09752289205789566,0.45
sample_619,91,0.08221745491027832,ZWANZIG,0.6284184455871582,0.6307496428489685,0.45
sample_619,114,0.08322000503540039,OST,0.7950385808944702,0.6499917507171631,0.45
sample_619,175,0.47968602180480957,GRAD,0.9128191769123077,0.0006900710868649185,0.45
sample_620,1,0.03433561325073242,WIND,0.6184502840042114,1.1886041164398193,0.45
sample_620,31,0.03433561325073242,SCHWACH,0.7639503479003906,0.281935453414917,0.45
sample_624,56,0.03512096405029297,REGION,0.7537167072296143,0.10302145779132843,0.45
sample_625,1,0.05098319053649902,WETTER,0.4732435494661331,0.9403146505355835,0.45
sample_625,54,0.052388906478881836,ELF,0.7218427956104279,0.8545564413070679,0.45
sample_627,44,0.038707733154296875,MINUS,0.764045923948288,0.15457618236541748,0.45
sample_627,54,0.03971600532531738,ZEHN,0.7663959562778473,0.7646295428276062,0.45
sample_628,115,0.051732778549194336,GRAD,0.8581322133541107,0.001138244871981442,0.45
sample_629,72,0.037537336349487305,GRAD,0.7499658465385437,0.0009420542046427727,0.45
sample_631,12,0.0470128059387207,OST,0.7994612753391266,0.24130767583847046,0.45
sample_634,2,0.04894709587097168,WETTER,0.8381373882293701,7.444833318004385e-05,0.45
sample_634,29,0.04894709587097168,MORGEN,0.9991722106933594,0.00014712091069668531,0.45
sample_637,37,0.03287482261657715,SONNE,0.7832328677177429,0.6866775155067444,0.45
sample_638,21,0.05453681945800781,SCHWACH,0.8952286839485168,0.11986858397722244,0.45
sample_638,75,0.05453681945800781,FRISCH,0.7400134801864624,0.716320276260376,0.45
sample_640,37,0.04890871047973633,SUEDOST,0.5453121513128281,1.1941057443618774,0.45
sample_641,1,0.058496713638305664,NACHT,0.7291331589221954,0.1776067614555359,0.45
sample_641,85,0.059682369232177734,SUED,0.5395604074001312,1.121343731880188,0.45
